SITE_NAME,COEFF_VARIATION
0001BB,0.07412619969828207
0001BR,0.06006796278435317
0001KO,0.11163076042274823
0002BB,0.0750734168668016
0002BR,0.08952183663254769
0002KO,0.0741229958644796
0003BB,0.10573560714395304
0003BR,0.0653978068740446
0003KO,0.08789577140519796
0004BB,0.21624307450561592
0004BR,0.0788328843712625
0004KO,0.08478522788818509
0005KO,1.0238208638846773
0006BB,0.11152942554179746
0006BR,0.9550124392735804
0007BB,0.19132652564418096
0007BR,0.16212000324926235
0007KO,0.08465099387996734
0008BB,1.5013864052633934
0008BR,0.49771960670972776
0008KO,0.0662144022522014
0009BB,0.07705713412393253
0009BR,0.057290974712327095
0009KO,0.06359615970198464
0010BB,0.07944365934785476
0010BR,0.07037849248519182
0010KO,0.06696566323022338
0011BB,0.11559193159781489
0011BR,0.07882873642419803
0011KO,0.07327702456156106
0012BB,0.08695945124179566
0012BR,0.08852237583807815
0012KO,0.0987174239944171
0013BB,0.04821584966691458
0013BR,0.08562633611326173
0013KO,0.09035085579422475
0014BR,0.03564555671457053
0014KO,0.09227460058118071
0015BB,0.07058998430550359
0015BR,0.033426512673927766
0015KO,0.15489707357199078
0016BB,0.16549477345668548
0016BR,0.12629615513340878
0016KO,0.11003702222767177
0017BB,0.07137289541344308
0017BR,0.1298970117549363
0017KO,0.15552849279584144
0018BB,0.06304063880840656
0018BR,0.10443419536142004
0018KO,0.0698179397982376
0019BB,0.07123253438110647
0019BR,1.523576684153571
0019KO,0.14825699729577954
0020BB,0.04029120029944135
0020BR,0.09423289890648674
0020KO,0.06211931472372522
0021BB,1.5498548080390184
0021BR,0.13298293930012264
0021KO,0.07029772361531385
0022BB,0.07528936773163843
0022BR,0.09150117115898643
0022KO,0.1125267586409325
0023BB,0.07777226665611198
0023BR,0.08581349029717016
0023KO,0.13792533732041773
0024BB,0.03923343768843825
0024BR,0.04409589697266493
0024KO,0.14395496716036568
0025BB,0.08065124626954526
0025BR,0.06434208316159767
0025KO,0.05041001101075838
0026BB,0.12716992816157194
0026BR,0.09668465385408546
0026KO,0.08066452712371232
0027BR,0.0995667741506009
0027KO,0.12131729716322283
0028BB,0.16665531554541943
0028KO,0.10023161376354235
0029BB,0.07236099398151728
0029BR,1.4824824823980138
0029KO,0.10218912834194438
0030BB,0.07207163643030022
0030BR,0.10017057200930758
0030KO,0.2846103875489006
0031BB,0.07302971875658562
0031BR,0.8082223872512706
0031KO,0.18600936352319095
0032BB,0.16374703712193076
0032BR,0.08157191475167157
0032KO,0.10540145623409618
0033BB,0.09944556928450478
0033BR,0.07532254541100293
0033KO,0.1526681554291105
0034BB,0.11672473351560783
0034BR,0.21446412996945952
0034KO,0.08320867529940855
0035BB,0.2253095609828997
0035BR,0.06411347373362608
0035KO,0.08757878559634623
0036BB,0.19767518135574963
0036BR,0.07539777835767796
0036KO,0.08291303382999708
0037BB,0.036229642918022026
0037BR,0.6479044694826644
0037KO,0.052904869703527695
0038BB,0.7713353348725741
0038BR,0.07775266604924184
0038KO,0.05764798896493627
0039BB,0.008355687358688333
0039BR,0.1035254001375342
0039KO,0.12283375184128437
0040BB,0.05708635059370305
0040BR,0.4836956891297801
0040KO,0.08350571829584089
0041BR,0.07205682728519992
0041KO,0.12342816570615338
0042BB,0.02857592761485855
0042BR,0.059075040026930065
0042KO,0.045130355145429325
0043BB,0.12405749357599054
0043BR,0.49535644794776607
0043KO,0.1527499663777641
0044BB,0.1255175832841551
0044BR,0.4905144437538488
0044KO,0.4890988450940057
0045BB,0.2129897028937327
0045BR,0.12701080944689405
0045KO,0.16976594382260782
0046BB,0.03486694206139526
0046BR,0.08150449050225918
0046KO,0.0725035171536215
0047BB,0.21808715910224805
0047BR,0.058611451718480034
0047KO,0.9027828569966485
0048BB,0.12633679565586406
0048BR,0.12082376645255459
0048KO,0.009731641872776836
0049BB,0.09718696475525926
0049BR,0.20892061129461992
0050BR,0.26418106442415834
0050KO,0.24054345083145748
0051BB,0.04486228896747365
0051BR,0.25351123474970566
0051KO,0.298711618643027
0052BR,0.10075284805240702
0052KO,0.08296149588641433
0053BB,0.059804992383300566
0053BR,0.07754615351039035
0053KO,0.07053160285516505
0054BB,0.0859137071215054
0054BR,0.07719839341698594
0054KO,0.12310915782734541
0055BR,0.33543386808327175
0055KO,0.08913181293969652
0056BB,1.0121768983489086
0056BR,0.06093905851084853
0056KO,0.0487228041237414
0057BR,0.07189198966794372
0057KO,0.07016168883785912
0058BR,0.6521339321408646
0058KO,0.14833099266373356
0059BR,0.07673421907236955
0059KO,0.13617364732886847
0060BB,0.056666671646214674
0060BR,0.06997246195591736
0060KO,0.043224069771931384
0061BB,0.07525246711500072
0061BR,0.5741374134287007
0061KO,1.0136675958706471
0062BB,0.04276125148548762
0062BR,0.05369921032386936
0062KO,0.09240639869635595
0063BB,0.10766799723891797
0063BR,0.08971322058537001
0063KO,0.04115342074143045
0064BB,1.8266376696876092
0064BR,0.6075626350205667
0064KO,0.048086346889797425
0065BB,0.07137687978554796
0065BR,0.16865499095649442
0066BB,0.04926150921372551
0066BR,0.0578390180605989
0067BB,0.014060035651957112
0067BR,0.1449554865417015
0068BB,0.011120834183977158
0068BR,0.23001685435325062
0069BB,1.4318978501014166
0069BR,0.014105154591970101
0070BB,0.17245666983835856
0070BR,0.05131833959004063
0070KO,0.055747488798307626
0071BB,0.25082744732890133
0071BR,0.8334939288505399
0071KO,0.039971275665281754
0072BB,0.07605247066248555
0072BR,0.1721211472590182
0072KO,0.08207855896300074
0073BB,0.17279988556538808
0073BR,0.08474107268227025
0073KO,0.14184837936756892
0074BB,0.03894875633700121
0074BR,0.1634122418930319
0074KO,0.4975487298478797
0075BB,0.0
0075BR,0.068516360065238
0076BB,0.00751949885271796
0076BR,0.8870064752789186
0076KO,1.4043530601142535
0077BB,0.0848481389137954
0077BR,0.10255176713368794
0077KO,0.05357767110073466
0078BB,0.2334294649180775
0078BR,0.08973582570176268
0078KO,0.8448919633916354
0079BB,0.035227604905821545
0079BR,0.11562454533376627
0080BB,0.06501781155987896
0080BR,0.10849692491685364
0080KO,0.31762322595437203
0081BB,1.292451328096588
0081BR,0.054449173233578216
0081KO,0.039773305875572984
0082BB,0.025322091536650326
0082BR,0.6985319798453629
0082KO,0.4890192814784595
0083BB,1.405110875368849
0083BR,0.09843034607348526
0083KO,0.14560006957870275
0084BR,0.45574249176334186
0084KO,0.18494441598851796
0085BB,0.06271114410812095
0085BR,0.46439666840968225
0085KO,0.056861665524857476
0086BB,0.06750318662676431
0086BR,0.1199979516784769
0086KO,0.06264826211555459
0087BB,0.09804005060731134
0087BR,0.25960092007700697
0087KO,0.09249321497108132
0088BB,0.07766353252964159
0088BR,0.08463267954529305
0088KO,0.08414982948981338
0089BB,1.5876635175705431
0089BR,0.520311509218039
0089KO,0.40104952602307775
0090BB,0.10852299411657305
0090BR,0.11429866974043747
0090KO,0.12235828817091927
0091BB,0.07677045045338052
0091BR,0.10367386139553049
0091KO,0.5091301005504818
0092BB,0.05231249125863317
0092BR,0.10593183245526995
0092KO,0.08577251642770434
0093BB,0.09490429258668341
0093BR,0.42744319796768987
0093KO,0.12873453071573007
0094BB,0.045436803667419826
0094BR,0.036817408396487714
0094KO,0.09061137876485643
0095BR,0.3200045287121602
0095KO,0.3551206416076377
0096BB,0.10837197852680748
0096BR,0.062431823682515514
0096KO,0.1518848453083867
0097BB,0.11220597745907633
0097BR,0.01018783434110288
0097KO,0.07490636062067224
0098BB,1.4793796562459443
0098BR,0.3170663606884518
0098KO,0.1322139338428877
0099BB,0.1465078733256038
0099BR,0.6800515196950966
0099KO,0.041253735224508245
0100BB,0.03140025776709631
0100BR,0.5748249581504987
0100KO,0.33769977036044657
0101BB,0.036683723852366415
0101BR,0.05520487863989003
0101KO,0.21171272441168926
0102BB,0.11565581155254752
0102BR,0.13907825626444242
0103BB,0.20034821257241284
0103BR,0.18738121887291873
0103KO,0.04163929761387362
0104BR,0.5999927525723696
0104KO,0.07710218753667292
0105BB,0.2777224555434777
0105BR,0.06521756639808882
0105KO,0.26929693421937895
0106BB,0.14010109516639746
0106BR,0.04638319793452632
0106KO,0.27036894017168356
0107BB,0.09117533646783745
0107BR,0.19483454235616984
0107KO,0.23687233086901488
0108BB,0.15347713914022104
0108BR,0.07351733375906966
0108KO,0.8089381220556797
0109BB,0.0848077657374905
0109BR,0.0695581916281903
0110BB,1.4498677128547128
0110BR,0.1134463945476416
0110KO,0.20299117814056591
0111BB,0.1797586030974311
0111BR,0.02854815474389333
0111KO,0.2648990715275502
0112BB,0.05794554726681813
0112BR,0.055758370114280954
0112KO,0.09880061040450981
0113BB,0.008507678332080233
0113BR,0.004979625219623574
0113KO,0.5011779916476287
0114BB,0.1395250985915462
0114BR,0.2847984985934543
0115BB,0.004214205031807574
0115BR,0.054997620257485176
0115KO,0.058969369065484514
0116BB,1.3776866163912096
0116BR,0.3037556493351862
0117BB,0.4011206811838068
0117BR,0.08362895202546597
0118BB,0.03614374422044285
0118BR,0.042568301208554704
0118KO,0.057636967091979165
0119BB,0.2495480298540191
0119BR,0.023084223575566748
0120BB,0.11575922657151241
0120BR,0.19900743809506055
0120KO,0.6223274996459219
0121BR,0.06557248518868576
0122BB,0.20286273306307603
0122BR,0.10836291106183082
0123BB,1.3041604305546697
0123BR,0.6524234685230839
0124BB,1.0575476300550468
0124BR,0.10974057982080508
0125BB,0.2079133813119838
0125BR,0.011098180203340526
0125KO,0.08183846588783222
0126BB,0.07222569612488701
0126BR,0.029748361031473637
0126KO,0.11835516957388865
0127BB,0.016042624813652293
0127BR,0.10507783505655179
0128BB,0.6950735849298809
0128BR,0.04249063508484092
0128KO,0.4633073953668165
0129BB,0.14450317894895923
0129BR,0.0619279471402479
0129KO,0.11405756835183499
0130BB,0.9933839789357221
0130BR,0.08448116433823047
0130KO,0.8747070428344734
0131BB,0.08940853134270997
0131BR,0.1290701566295208
0131KO,0.07257111188329568
0132BR,0.010800234493357697
0132KO,0.11299001546132074
0133BB,1.4351111086948782
0133BR,0.04064004150680111
0133KO,0.10648585865715078
0134BB,0.05639481783239034
0134BR,0.6036984064628016
0134KO,0.06753102680919827
0135BB,1.3399474738825137
0135KO,0.03294000471539336
0136BB,0.12191430806537935
0136BR,0.3849529141802322
0136KO,0.03700432959225745
0137BB,1.5698528987525253
0137BR,0.43918273924974544
0137KO,0.044530496093554216
0138BB,0.019028397438763816
0138BR,0.07462351802638655
0138KO,0.006916204961637505
0139BB,2.2200265775450725
0139BR,0.08662567673545628
0139KO,0.09793168757862149
0140BB,0.12831401102507106
0140BR,0.6963663196714182
0140KO,0.1382026009798005
0141BB,0.15081696843401304
0141BR,0.691328909649548
0141KO,0.03331500865059072
0142BB,0.0008498312119488452
0142BR,0.3984841140102006
0143BB,0.8629556596550624
0143BR,0.547543209504026
0143KO,1.6969962525625344
0144BB,0.06142336939374463
0144BR,0.029764484318541326
0144KO,0.044745594256903644
0145BB,0.2566161076297029
0145BR,0.20900086219322642
0146BB,0.055169606704275835
0146BR,0.5694576243555391
0146KO,0.04236032515863311
0147BB,1.4142135623730951
0147BR,0.11642099185163886
0147KO,0.05754476653636093
0148BB,0.000439940619451725
0148BR,0.1052545384731569
0149BB,0.306979872684333
0149BR,0.09973048002490743
0150BB,0.05527606145909311
0150BR,0.3486978244692459
0150KO,0.05724243360663148
0151BB,0.2623661020490781
0151BR,0.8331357398424266
0151KO,0.040672660455174627
0152BB,1.4828602003957656
0152BR,0.0895588829570784
0152KO,0.10416157853967394
0153BB,0.046824171791691474
0153BR,0.6943254724695298
0153KO,0.11421034631823454
0154BB,0.0398694291698387
0154BR,0.16673649210855557
0154KO,0.1092140016706347
0155BB,1.4727913135589357
0155BR,0.0665115559534524
0155KO,0.05425033282848718
0156BB,0.1993444240183776
0156BR,0.1709973203872088
0156KO,0.1902529116706497
0157BB,0.038723328383545474
0157BR,0.022707382824537804
0157KO,0.040301711337730375
0158BB,0.09009562014290284
0158BR,0.12127039643672463
0158KO,0.18176424878315467
0159BR,0.11301850175191414
0159KO,0.17427890368064655
0160BR,0.10163239429254561
0160KO,0.0639545711193398
0161BB,0.001432042491390912
0161BR,0.6575570487992133
0161KO,0.2757399428322864
0162BB,0.0708339863946086
0162BR,0.06939961556350968
0162KO,1.3680569056718026
0163BB,0.05105716972626436
0163BR,0.00020570379089063202
0163KO,0.15869526568834136
0164BB,0.69967677061022
0164BR,0.6091958609304428
0165BB,0.12989879852484257
0165BR,0.2583039455908928
0166BB,0.07805867862498729
0166BR,0.04092251892387012
0166KO,0.248056924253789
0167BB,0.04569617611723499
0167BR,0.7945337691656775
0167KO,0.03340906668610212
0168BB,0.0748224200693875
0168BR,0.331080209254867
0168KO,0.06739188192343054
0169BB,1.460344201101736
0169BR,0.5066258938860084
0169KO,1.1822942704867412
0170BB,0.18018123143775897
0170BR,0.5760404753359368
0170KO,1.4200006645912548
0171BB,0.011839096320608755
0171BR,0.12142813942821919
0171KO,0.09811418785098329
0172BB,0.040655526812523456
0172BR,0.6756066658469863
0172KO,0.03138965285802412
0173BB,0.06267273620938675
0173BR,0.038823116505586494
0173KO,0.00037289366389165433
0174BR,0.49591507688747133
0174KO,1.1633645750520603
0175BB,0.02968447393912093
0175BR,0.803597892046861
0175KO,1.1788368911486469
0176BB,0.245216211223605
0176BR,0.7264970262434826
0176KO,1.4964524888326818
0177BB,0.03985467191659913
0177BR,0.812326618689376
0177KO,0.11909497181854739
0178BB,0.0017231496843536406
0178BR,0.059878617824965306
0178KO,0.8661158902360825
0179BB,0.09083746733815237
0179BR,0.3822262576191344
0179KO,0.011809226783074564
0180BB,0.0017366866162667174
0180BR,0.31030190841539534
0180KO,0.5416597031316366
0181BB,0.05561060644331111
0181BR,0.052762099960788636
0181KO,0.08742306528987352
0182BB,1.2567880021009374
0182BR,0.09693367433811535
0183BB,0.07082256688786273
0183BR,0.6095709006947871
0184BR,0.07151484527091458
0184KO,0.07209984151766739
0185BB,1.5300594308472888
0185BR,0.10938945789811162
0185KO,0.43033833660953097
0186BB,0.012360392708055267
0186BR,0.413088857669461
0186KO,0.03156960034756388
0187BB,0.07090317542750772
0187BR,0.03849614258223238
0188BB,0.0824219909840089
0188BR,0.0439434397074616
0188KO,0.21977153238185138
0189BB,0.05655926414673842
0189BR,0.03802640263745102
0190BB,1.5059926179705183
0190BR,0.27376995832659795
0190KO,0.10107592039109341
0191BB,0.0021356639242400112
0191BR,0.12756693548455814
0192BR,0.2768417457111193
0192KO,0.09523530424801235
0193BB,0.21797833318588453
0193BR,0.5269328248627613
0193KO,0.20329629671252533
0194BB,1.4835601321798615
0194BR,0.08242652068773629
0194KO,0.8663449851058139
0195BB,0.020947446683192227
0195BR,0.3618626512364578
0195KO,0.33707132588982786
0196BB,1.670035315639104
0196BR,0.10137617241084652
0197BR,0.06062674387501186
0197KO,0.13643984178988902
0198BB,0.05778044145400141
0199BB,0.07128529542492162
0199BR,0.05231503061115682
0199KO,0.71795717560538
0200BB,0.004756035430631206
0200KO,0.06754708790501618
0201BR,0.2515587488178099
0201KO,0.08344834414979142
0202BR,0.07343935167394086
0202KO,0.07980578046450829
0203BR,0.09130635389231331
0203KO,0.6140555143062805
0204BB,0.36559004686148716
0204BR,0.04724357276355386
0204KO,1.4490283297921327
0205BR,0.062039557735609284
0205KO,0.06205027455322259
0206BR,0.16724137159835717
0206KO,0.5524688466545792
0207BB,0.04493868807299722
0207BR,0.3408093306898356
0207KO,0.05249445609235764
0208BR,
0208KO,0.03600349325227998
0209BB,1.533331821542179
0209BR,0.33464140664021697
0209KO,0.07010570619308877
0210BR,0.690567631864614
0210KO,0.15403611368290607
0211BB,0.1947870978310124
0211BR,0.08845704127433682
0211KO,0.28191576843676186
0212BB,1.5315671528487607
0212BR,0.8131538467085596
0212KO,0.47131178753842196
0213BB,0.04031393546591982
0213BR,0.7906183607521474
0213KO,0.6194880335572378
0214BB,0.1538376193597721
0214BR,0.006989523372519416
0214KO,0.11743927983118861
0215BB,0.0168747452295873
0215BR,0.049369004838791364
0215KO,0.039183589942800315
0216BR,0.4867389793449908
0216KO,0.1010472922732956
0217BB,1.851868362445955
0217BR,0.6562074172450263
0217KO,0.5678526840329222
0218BB,0.1131463775896658
0218BR,0.07471036130610827
0218KO,0.08098403502286948
0219BB,0.009377562907914973
0219BR,0.06716448485825688
0219KO,0.061537067796530925
0220BB,0.05729143274122565
0220BR,0.06834082047291797
0220KO,
0221BR,0.039080161468137295
0221KO,0.6839223708458084
0222BB,0.08014790019707453
0222BR,0.7282575750419517
0222KO,0.008159326731971603
0223BR,0.4339695762577667
0223KO,0.26961025234040176
0224BB,0.031001462516634246
0224BR,0.3805296807578672
0224KO,0.08167730999646543
0225BB,0.06630364819831266
0225BR,0.43257012176423376
0225KO,0.1802353052648082
0226BB,0.059807874478514066
0226BR,0.5424976874894367
0226KO,0.07310164839901015
0227BB,0.6285325001700971
0227BR,0.43089132315027256
0227KO,0.09168273886195064
0228BB,0.07856324079144114
0228BR,0.1684057418081691
0228KO,0.07387598350218244
0229BB,0.1363001000325635
0229BR,0.6865629468605112
0229KO,0.05816909140907774
0230BB,0.0717459282732954
0230KO,0.08006120130294313
0231BB,0.014548413542663096
0231BR,0.08152439208372475
0231KO,0.4168809493408399
0232BB,0.07047504334663357
0232BR,0.4450398584310987
0232KO,0.07820658802805847
0233BB,0.007449161779835411
0233BR,0.10048461983393515
0233KO,0.0023056039756102005
0234BB,0.15326163481341454
0234BR,0.4186925956218819
0234KO,0.06887716279396161
0235BB,1.5847783918491904
0235BR,0.07190204996731552
0235KO,0.059613916023719626
0236BB,0.00408352523847907
0236BR,0.05411373088013792
0236KO,0.14727054665485495
0237BB,0.451904850851382
0237BR,0.6863630366293486
0237KO,0.46280688800795033
0238BB,0.3687389080884638
0238BR,0.24517761986280454
0238KO,0.1079601704341432
0239BB,0.20803720016932045
0239BR,0.04812180571861956
0239KO,0.15695944587920058
0240BB,0.7118254677254797
0240BR,0.11098212922396657
0240KO,0.5668019510387747
0241BR,0.07998411138949511
0241KO,0.2823369762443501
0242BB,0.09753846756899155
0242BR,0.6010196783597015
0242KO,0.12084904187578324
0243BB,0.7757966120706292
0243BR,0.11816581577464162
0243KO,0.268398624877076
0244BB,0.006660169235313906
0244BR,0.08347285204009994
0244KO,0.05759943204319031
0245BB,0.06596555814080499
0245BR,0.021109113204701317
0245KO,0.1481956527566019
0246BB,0.0009517497207772436
0246BR,0.0674956906959877
0246KO,0.037042657994782235
0247BB,0.3459459572640218
0247BR,0.06203401885419224
0247KO,0.1494919478774326
0248BB,1.310814686729288
0248BR,0.1885106770123319
0248KO,0.11239301624734
0249BB,0.1548622151928928
0249KO,0.31584895657892176
0250BB,0.05095721761699609
0250BR,0.6789594431401348
0250KO,0.1080790055599186
0251BB,0.055712516601785354
0251BR,0.8239678924175613
0251KO,0.18609384145045826
0252BB,0.0989977064893677
0252BR,0.07918512278981167
0252KO,0.09963102975310807
0253BB,0.0415708487460257
0253BR,0.060755038254040564
0253KO,0.17480254372065723
0254BB,0.4192500875458176
0254BR,0.13960436930215797
0254KO,1.4417344867071091
0255BB,0.11414057561026904
0255BR,0.4923685047129737
0255KO,0.10601518336798331
0256BB,0.04075236124677982
0256BR,0.9294668773668053
0256KO,0.06761861230770576
0257BB,0.07927565499970092
0257KO,0.1776761678676992
0258BB,0.07391226707540896
0258BR,0.07340007330767218
0258KO,0.1876803348693325
0259BB,0.08072899182012762
0259BR,0.15206283391794176
0260BB,1.3167589833861204
0260BR,1.9519548883375952
0260KO,0.06541393657117395
0261BB,0.0
0261BR,0.11955821728231748
0261KO,0.09951177711861234
0262BB,1.3712804295486005
0262BR,0.48551761864893744
0262KO,0.07140890999950271
0263BB,0.07788297095171874
0263BR,0.41176230797740354
0263KO,0.10230298090986537
0264BB,0.07226316760671501
0264BR,0.011561923980903914
0264KO,0.08927224265094276
0265BB,0.04947897305600707
0265BR,
0265KO,0.05140834540800771
0266BB,0.36453692732151854
0266BR,0.10514944194836479
0266KO,0.05241582039321792
0267BB,0.052095256986202945
0267BR,0.0037965941032672094
0267KO,0.09148401524052616
0268BB,0.1481212019943639
0268BR,0.9425009417188753
0268KO,0.051101412390443475
0269BB,0.20791872636819156
0269BR,0.4320007477970337
0269KO,0.0658820503352866
0270BB,0.0823866579642401
0270BR,0.11004104852162978
0270KO,0.04940345085580328
0271BB,0.07298689735103649
0271BR,0.01862096859673514
0271KO,0.18841445112365457
0272BB,0.20187506461922416
0272BR,1.2616811224800946
0272KO,0.04265242750066529
0273BB,0.09061823297171943
0273BR,0.09002278398096772
0273KO,0.215917728365153
0274BB,0.09979026743293647
0274BR,0.06052460428705506
0274KO,0.06572563641953505
0275BB,0.03186131869640048
0275BR,0.07401146805274104
0275KO,0.11394314416642431
0276BB,1.5123873374143848
0276BR,0.5089158704615299
0276KO,0.14138488054947126
0277BB,0.0474102666044946
0277BR,0.10341003246207332
0277KO,0.27069106886363814
0278BB,0.2109086987719714
0278BR,0.0521429972389393
0278KO,0.0704474117079489
0279BB,0.05025450538089488
0279BR,0.05652062499694413
0279KO,0.0433033912742308
0280BB,0.37048302176298525
0280BR,1.0426843033568376
0280KO,0.05255865012513171
0281BB,1.5198583420281147
0281BR,0.13249415884595292
0281KO,0.19253812584858782
0282BB,0.8886573240912057
0282BR,0.007473787606880874
0282KO,0.5709684339023923
0283BB,0.15148976590047028
0283BR,0.37228858333295395
0283KO,0.07226336341052872
0284BB,0.04005014305512224
0284BR,0.15941253112233025
0284KO,0.1915571888240907
0285BB,0.09588491068747729
0285BR,0.4341336433083891
0285KO,0.0758155910481088
0286BB,0.003057040595355375
0286BR,0.4836723331398523
0286KO,0.3013157132008402
0287BB,0.07841778441506606
0287BR,0.6270035910859311
0287KO,0.16001957691717572
0288BB,0.039590515547337106
0288BR,0.15364373905441195
0288KO,0.03711315934664778
0289BB,1.6350304649455083
0289BR,0.06310191329954164
0289KO,0.08529689458870215
0290BB,0.07301726624513309
0290BR,0.08086404125767113
0290KO,1.5433474795577917
0291BB,0.13169822114099602
0291KO,0.06815336691518477
0292BB,0.0229153446716537
0292BR,0.5775683178514655
0292KO,0.07348155180287305
0293BB,0.47682973393968553
0293BR,0.5157517955783104
0293KO,0.09826475039654599
0294BB,0.069587005267955
0294BR,0.07168944741618463
0294KO,0.30261651468971423
0295BB,1.0276659560713568
0295BR,0.0620942190234346
0295KO,0.12765299693441587
0296BB,1.2906265657711402
0296BR,0.1325978989656722
0296KO,0.049869368956348
0297BB,0.13696778717734687
0297BR,0.7125788841609588
0297KO,0.15359633422297597
0298BB,0.35681644648776656
0298BR,0.14587966624233206
0298KO,0.07906705995797743
0299BB,0.09917096709993038
0299BR,0.0647717013605941
0299KO,0.06585176613411876
0300BB,0.1020337777582986
0300BR,0.03725440842126596
0300KO,0.14985914682518503
0301BB,1.4799369913307274
0301BR,0.3800774672959102
0301KO,0.0954200855490962
0302BB,0.20658053699077472
0302BR,0.3896193702485382
0303BB,0.15975540190070484
0303BR,0.11027076957194469
0303KO,0.04216025600132944
0304BB,1.368154491391721
0304BR,0.06418094383166136
0304KO,0.6068799980058855
0305BB,0.009534544885661212
0305KO,0.22087670539069032
0306KO,0.03197968783805182
0307BR,0.4341372398351549
0307KO,0.6235627015277531
0308BB,0.034570978404802256
0308BR,0.7334510725144286
0308KO,0.3427802955433246
0309BB,0.03279819562555232
0309BR,0.07249425371856635
0309KO,0.07366025792218178
0310BB,0.12048739615784261
0310BR,0.2540052834698756
0310KO,0.5430471643452147
0311BB,0.12011635204123716
0311BR,0.41764124161335214
0311KO,0.10517001421547569
0312BB,1.5419477477944534
0312BR,0.5560686748950718
0312KO,0.046314064984962114
0313BB,0.031406406355235617
0313BR,0.7790926903892852
0313KO,0.30358799239103496
0314BB,0.048923380491919397
0314BR,0.08604932940230424
0314KO,0.1549402219719985
0315BB,0.17206573924023896
0315BR,0.4259531560880547
0315KO,0.25838566732499013
0316BB,1.576326443557003
0316BR,0.1344943678548414
0316KO,0.17391812114714042
0317BB,1.2937314375381184
0317BR,0.3892655116245829
0317KO,0.20433725228275668
0318BB,0.28919779727901235
0318BR,0.15727297483756833
0318KO,0.2673477929206165
0319BB,0.10904286118992507
0319BR,0.15204939636789108
0319KO,0.1409797909503543
0320BB,0.015364762971047993
0320BR,0.10556481548609291
0320KO,0.05349234257391125
0321BB,1.532165191480735
0321BR,0.4211965131938766
0321KO,0.04715307867857025
0322BB,0.11802213864653242
0322BR,0.6867334941866323
0322KO,0.6308644953610963
0323BB,1.553449020179715
0323BR,0.21837369283425598
0323KO,0.029543574056562823
0324BB,0.07785422161615474
0324BR,0.3547871926092179
0324KO,1.2048776413732676
0325BB,1.0165111678088607
0325BR,0.3506784288597764
0325KO,0.04208848810400814
0326BB,0.008859753627563591
0326BR,0.04812961596164248
0326KO,0.06143953527015055
0327BB,0.006508636705268872
0327BR,0.010650042681366946
0327KO,0.20978916433957792
0328BB,0.043579488831775086
0328BR,0.4527110649662027
0328KO,0.10409408149450697
0329BB,0.8534771291072338
0329BR,0.05646273905958287
0329KO,0.04223657840644225
0330BB,0.2249520687388486
0330BR,0.5550450606166107
0330KO,0.03669582770574476
0331BB,0.03308482527528818
0331BR,0.19221792288888018
0331KO,0.06834013782656043
0332BB,0.08016963478687
0332BR,0.37184331187378183
0332KO,0.1623004331944514
0333BB,0.13885913847886314
0333BR,0.12086768164550493
0333KO,0.17663582990016272
0334BR,0.6688673247395779
0334KO,0.22812395809358085
0335BB,0.06141236412473423
0335BR,0.09908283894493083
0335KO,0.08119436867276089
0336BB,0.20647394336527172
0336BR,0.07465179982976529
0336KO,0.04719618152684167
0337BB,0.12197261486291759
0337BR,0.006633922052719832
0337KO,0.09051120122869391
0338BB,0.08205917956102121
0338BR,0.05155685112107852
0338KO,0.0014456635640591362
0339BB,1.5587046846267043
0339BR,0.0701723438522245
0339KO,0.051799827600720806
0340BB,1.3809277821606911
0340KO,0.10973927910245886
0341BB,1.5941391247454368
0341BR,0.6398946556265613
0341KO,0.19685623666372296
0342BB,0.26094462116310274
0342BR,0.47762783972314005
0342KO,0.058619314177047535
0343BB,1.7125348797776985
0343BR,0.13716107591848276
0343KO,0.11059097731645602
0344BB,0.05757504650083221
0344BR,0.08816024385177164
0344KO,0.12040081712074806
0345BB,0.3954823841281252
0345BR,0.0872183909821394
0345KO,0.09208121226959264
0346BB,0.18689415453010974
0346BR,0.006076171455383057
0346KO,0.09656498072831725
0347BB,0.0328909823071202
0347BR,0.07677175490358552
0347KO,0.07148845930558642
0348BB,0.004532138814400805
0348BR,0.04322381426122044
0348KO,0.06149068827442125
0349BB,0.13029927629799168
0349BR,0.10356896671256616
0349KO,0.05318662549556542
0350BB,0.03709486399651864
0350BR,0.08948956085096832
0350KO,0.133095039761302
0351BB,0.030429762115557216
0351BR,0.07182302619755147
0351KO,0.12990692363125184
0352BB,0.031157179924398884
0352BR,0.051304439866584686
0352KO,0.04823710601593369
0353BB,0.07549033308794147
0353BR,0.09491634359009077
0353KO,0.0341938816154041
0354BR,1.5528899114749017
0354KO,0.2679687079743985
0355BB,0.055660770852077636
0355BR,0.048700817416503527
0355KO,0.04764308555874811
0356BB,0.22923959849300155
0356BR,0.03349160308614295
0356KO,0.43346014912264824
0357BB,0.14972335225302505
0357BR,0.5063907677419411
0357KO,0.08480388839428943
0358BB,0.0028169384346597346
0358BR,0.03014103873961611
0358KO,0.08598313300958224
0359BB,0.22010659069778502
0359BR,0.4350089925087736
0359KO,0.06560723777774662
0360BB,1.5399003967878242
0360BR,0.050499317200369424
0360KO,0.08903284418448315
0361BB,0.08241090758513914
0361BR,0.022262053859292353
0361KO,0.08564288476128835
0362BB,0.10297482223034764
0362BR,0.040350167779775306
0362KO,0.016434347901857757
0363BB,0.3646713095159905
0363BR,0.43218506581393407
0363KO,0.08259587004842033
0364BB,0.03601108967106075
0364BR,0.6252161355882977
0364KO,0.6110393200580388
0365BB,0.17567973926746794
0365BR,0.34054898068379114
0365KO,0.18968990755227588
0366BB,1.3808006154522123
0366BR,0.7095509844854739
0366KO,0.220042689606036
0367BB,0.0010241121687572952
0367BR,0.09488161568608904
0367KO,0.04686517339210798
0368BB,0.13578386766092823
0368BR,0.002156282931085094
0368KO,0.04107630036739332
0369BB,0.37049151043914985
0369BR,0.04190438386623584
0369KO,0.054026092184946
0370BB,1.430385098431256
0370BR,0.17009206776639924
0370KO,0.04356933934453654
0371BB,0.15202017128345774
0371BR,0.14582394676465693
0371KO,0.08405589425299961
0372BB,1.3038396513097223
0372BR,0.31649210875794953
0372KO,1.4057828747310235
0373BB,0.04088651871983858
0373BR,0.42066400244983576
0373KO,0.06838394771671061
0374BB,0.021353892438121958
0374BR,0.33184782806850793
0374KO,0.21797665324870175
0375BB,0.10151826493126849
0375BR,0.10859708658964014
0375KO,0.11936576367207125
0376BB,0.12820726126403614
0376BR,0.7048007426932362
0376KO,0.07734637041003088
0377BB,0.03762482672398478
0377BR,0.6365817402940188
0377KO,0.04143649524468151
0378BB,1.0268899600070551
0378BR,0.20375087902497116
0378KO,0.14203741470344264
0379BB,0.07576544084820154
0379BR,0.45701106119693474
0379KO,0.06459344565779407
0380BB,0.0023472648172627062
0380BR,0.1605753586941158
0380KO,0.6021497596566848
0381BB,0.027486310700364298
0381BR,0.942145970821331
0381KO,0.04409141284284822
0382BB,0.10626296053794133
0382BR,0.08338333733306566
0382KO,0.40987379006005636
0383BB,1.4720186328505975
0383BR,0.08949659209904227
0383KO,0.08918639899686202
0384BB,1.5360864772787803
0384BR,0.2193468650918787
0384KO,0.09548088778566673
0385BB,0.13483410748813135
0385BR,0.71619058789268
0385KO,0.1504646090972276
0386BB,0.10090690464745776
0386BR,0.682644960841141
0386KO,0.6497750918001874
0387KO,0.05625487517895145
0388BB,0.03506277419123619
0388BR,0.7097524073817821
0388KO,0.09231484740517794
0389BB,0.03413976048632269
0389BR,0.0541953879786636
0389KO,0.03833389248171891
0390BB,0.038169164372866514
0390BR,0.6124834127261001
0390KO,0.08413239091755874
0391BB,1.3426609112450427
0391BR,0.30787306799869185
0391KO,0.20895721873750542
0392BB,0.04350944818083849
0392BR,0.8022993147804542
0392KO,0.11137230614195895
0393BB,0.06633789714403165
0393BR,0.5163719426338397
0393KO,0.18404101879182344
0394BB,0.19217611654862524
0394BR,0.05235913884147718
0394KO,0.14206009761103924
0395BB,0.09422827137219722
0395BR,0.3249547057019105
0395KO,0.04606271249503361
0396BR,0.04114460987928356
0396KO,0.05905613280840455
0397BB,0.12890093818441045
0397BR,0.03139216353303143
0397KO,1.1553466299017456
0398BB,0.23775248977362665
0398KO,1.1140210037194205
0399BB,0.11857985051341305
0399BR,0.01371730336862299
0399KO,0.10060198984728468
0400BB,0.04740608820605483
0400BR,0.07971205244878962
0400KO,0.3682786398331217
0401BB,0.16566708170675445
0401BR,0.43129810513381545
0401KO,0.06416365039218702
0402BB,0.05892078174631205
0402BR,0.6794117725081594
0402KO,0.0769170963575815
0403BB,0.5860918185977003
0403BR,0.2332307359185119
0403KO,0.07349497473449013
0404BB,0.7540991276700322
0404KO,0.0917145661190665
0405BB,0.19697815501175517
0405BR,0.4417110096391468
0405KO,0.347527900791841
0406BB,0.8096015706758986
0406BR,0.5055453352677398
0406KO,0.175698188541339
0407BB,0.13328723783708443
0407BR,0.3743944196473316
0407KO,0.4094856363433229
0408BB,1.481447150834898
0408BR,0.3192667891323367
0408KO,0.08122757580619498
0409BB,0.12223106174424517
0409BR,0.22519375884019155
0409KO,1.4680744607013398
0410BB,0.11167949064335263
0410BR,0.3551255900106383
0410KO,0.3454980811828038
0411BB,0.15713412340162541
0411BR,0.3330866485930786
0411KO,0.8427155835464598
0412BB,0.0035197737250741963
0412BR,0.34009262847575894
0412KO,0.177335332230313
0413BB,0.05634542278122815
0413BR,0.01808583967857397
0413KO,0.08262775959059114
0414BB,1.4428764317327616
0414BR,0.41649139212185027
0414KO,0.11926720202992928
0415BB,0.19468848900119348
0415BR,0.15931240542863834
0416BB,1.2655951444073978
0416BR,0.08084930113797305
0416KO,0.39280308208006903
0417BB,0.04245958746190928
0417BR,0.07266968941953708
0417KO,0.03539668717547517
0418BB,0.0705754816835228
0418BR,0.053474712938168134
0418KO,0.17136530100487476
0419BB,0.36848836568967175
0419BR,0.07332539007345248
0419KO,0.16052492970950974
0420BR,0.8199772326548466
0420KO,0.10636306392849379
0421BB,0.10973480024450867
0421KO,0.1461338656375013
0422BB,0.581490879425264
0422BR,0.08713536614995977
0422KO,0.125432717486453
0423BB,0.49722744596449836
0423BR,0.06269883044529809
0423KO,0.21405914646857163
0424BB,0.05901125428955669
0424KO,0.2770364922794864
0425BB,0.05402831140080787
0425BR,0.32621983978891533
0425KO,0.06605902490184351
0426BB,0.2355368127830537
0426BR,0.0853316939298286
0426KO,0.23626637016608065
0427BB,0.2532432102827243
0427BR,0.09144347419126518
0427KO,1.3739966124677923
0428BB,0.028623624823403894
0428BR,0.06807045082094305
0428KO,0.07876560035181941
0429BB,0.07925844069529654
0429BR,0.49511710030960104
0429KO,0.06679525803562616
0430BB,0.08656031300129012
0430KO,1.0365168710962704
0431BB,0.09827359780734579
0431BR,0.46775771157151286
0431KO,0.3068741721299491
0432BB,0.11155734114364019
0432BR,0.047735729105109564
0432KO,0.065015558630704
0433BB,0.06941904894022696
0433BR,0.08007023937090994
0433KO,0.246311086853474
0434BB,0.08390853566825596
0434BR,0.4651306253258294
0434KO,0.10499250915211927
0435BB,0.05753478117120706
0435BR,0.4717150383839776
0435KO,0.004396199152244164
0436BB,1.2669300386537707
0436BR,0.2595354027327704
0436KO,0.09562692523630528
0437BB,0.07352201808045236
0437BR,0.06546791456004075
0437KO,0.11379252642036619
0438BB,0.03060562622594255
0438BR,0.618791136529666
0438KO,0.09945316755133529
0439BB,0.037092756073042354
0439BR,0.820073663269382
0439KO,0.13032406706658933
0440BB,0.07661581380251185
0440BR,0.17103952578317866
0440KO,0.08735631747142014
0441BB,0.21857977353343672
0441BR,0.06810476387123701
0441KO,0.07566752622869448
0442BB,0.04676424414475215
0442BR,0.04956571838781613
0442KO,0.10213514949997017
0443BB,0.13821192023242346
0443BR,0.5318927115777162
0443KO,0.13737874576853387
0444BB,0.006581697331195261
0444BR,0.22603520674404673
0444KO,0.05237431567849687
0445BB,0.04919068722007963
0445BR,0.4240097476483335
0445KO,0.21189032010572514
0446BB,0.0925836126841867
0446BR,0.7113376313386929
0446KO,0.560655138617996
0447BB,0.08166553322058429
0447BR,0.004489018754938404
0447KO,0.08246075952566466
0448BB,0.043362836670675316
0448BR,0.3972295307925491
0448KO,0.07635774622973875
0449BB,0.0655727099736969
0449BR,0.049392118513738696
0449KO,0.09062576325821642
0450BB,0.21037884292675124
0450BR,0.08158122699045432
0450KO,0.06279215231852156
0451BB,0.06896038655255014
0451KO,0.10188041128243887
0452BB,0.0575472442268512
0452KO,0.09498495753880001
0453BB,0.07657039328872682
0453BR,0.28451336798742227
0453KO,0.5815169138191628
0454BB,0.049703687994230604
0454BR,0.08146167714046092
0454KO,0.11224436762749043
0455BB,0.033854878368242546
0455KO,0.03525006908580364
0456BB,0.25014651775558533
0456BR,0.072493584986789
0456KO,0.21226934323064522
0457BB,0.1255067194091708
0457BR,0.4227673339686881
0457KO,0.06948113563871709
0458BB,0.22354060545799778
0458BR,0.000862128209935591
0458KO,0.683071539609419
0459BB,0.03873403703676501
0459BR,0.505041266591941
0459KO,1.1007700301450756
0460BB,0.036074446682104376
0460BR,0.5058351730194707
0460KO,0.05461953741006285
0461BB,0.036287029938000384
0461BR,0.040506655755548376
0461KO,0.06294932908196968
0462BB,0.010502364181090683
0462BR,0.11296935811265188
0462KO,0.03726978535027306
0463BB,0.1556927438192949
0463BR,0.13547858353697198
0463KO,0.0715719219900995
0464BB,0.1288390586955426
0464BR,0.8484332387886278
0464KO,0.03708853231867474
0465BB,0.04277642391855953
0465BR,0.17059531795680644
0465KO,0.04394478104269152
0466BB,0.18875264117222876
0466BR,0.30202904663505825
0466KO,0.1710783519857348
0467BB,0.10048255885543828
0467BR,0.10052951719079016
0467KO,0.08295624434136147
0468BR,0.2642474843574568
0468KO,0.08600432446778764
0469BB,0.05868958517602504
0469BR,0.1785681289418313
0470BB,0.0441300249811997
0470BR,0.45012743743903916
0471BB,0.10926213565977144
0471BR,0.19509310244042194
0472BB,
0472BR,0.9230445346550625
0473BB,0.15189826614371693
0473BR,0.6156714170800778
0473KO,0.0841047774297577
0474BB,0.07557025652886806
0474BR,0.4248129943242446
0474KO,0.2780885610361294
0475BB,0.2007973516817271
0475BR,0.11209216035922723
0475KO,0.43388980253981724
0476BB,0.03555938483941694
0476BR,0.044866685000124015
0476KO,0.17669596869756665
0477BB,0.0912693787080729
0477BR,0.1139026404809286
0477KO,0.04893267325811706
0478BB,0.0904541560703439
0478BR,0.4281688703421665
0478KO,0.09827533170653664
0479BB,0.032047620197369474
0479BR,0.5479269542547371
0479KO,0.06741657175589182
0480BB,0.09426336101630846
0480BR,0.25030877030802384
0480KO,0.25086043696872057
0481BR,0.4364202193029038
0481KO,0.3241606574621388
0482BB,0.06505205673682547
0482BR,0.7242770390806169
0482KO,0.2206381426998428
0483BB,0.1184148873739768
0483BR,0.23960286108584977
0483KO,0.11597303610459385
0484BB,0.04060793727373999
0484BR,0.5671708925385809
0484KO,0.09109281882625357
0485BB,0.20958231070109506
0485BR,0.8060306451640374
0485KO,0.04944040955316518
0486BB,0.09356334514635567
0486BR,0.42485098079379474
0486KO,0.2004747597694379
0487BB,0.11302021443287256
0487BR,0.043823565977209905
0487KO,0.24906670490009813
0488BB,0.18045619875623553
0488BR,0.15165075274651124
0488KO,0.13240520197160618
0489BB,0.10841823702339685
0489BR,
0489KO,0.22120936057542762
0490BB,0.10526698104201447
0490BR,0.44162004123216053
0491BB,0.01331312026010904
0491BR,0.45605589551823494
0492BB,0.004399398191085871
0492BR,0.6689650138727441
0492KO,0.8489020554146947
0493BB,0.011984401138251237
0493BR,0.680981003347297
0493KO,0.7798504246587746
0494BB,0.05347387014089936
0494BR,0.5897675699103857
0494KO,0.17490147643050188
0495BB,0.049590351509867625
0495BR,0.12297898024474767
0495KO,0.1515709460346795
0496BB,0.170366545532693
0496BR,0.43489845010696265
0497BB,0.31081158999683045
0497BR,0.08491756026927723
0497KO,0.003190081643724184
0498BB,0.08419184197640524
0498BR,0.13370931895258786
0499BB,0.13175995885968392
0499BR,0.08891659484999337
0500KO,0.07967862176134062
0509KO,0.0008713577094104099
0510BB,0.17739346063992137
0519BB,0.020284784454781428
0524BR,0.06383829467952268
0524KO,0.05362589415158758
0529KO,0.3521312128354569
0530KO,0.04408192817371689
0531BB,0.1558375454008192
0531KO,0.2773289534010827
0539BB,0.0
0546BR,0.8192429810863802
0547BB,0.0
0558BB,0.16886132088036956
0561BB,0.16521324584463118
0561BR,0.5388531188612995
0563BB,0.0
0564BR,0.1406574755582419
0567BR,0.09270298107606062
0573BB,0.10878289881371242
0576BB,0.05185449728701348
0576BR,0.004522106893113713
0579BB,0.0931200579078644
0579BR,0.3800933124658922
0580BB,0.0968762019470891
0585BR,0.024517903884741964
0589BB,0.037626025975772234
0590BB,0.4460139367644504
0592BB,0.1479357585659115
0593BB,1.1911177437815532
0596BB,0.019234565731272864
0598BB,0.02092235964492792
0600BR,0.15661432613742707
0600KO,0.19118385542129382
0601BR,0.17741332043514318
0602BR,0.6501396213176917
0602KO,0.12669936980531146
0603KO,0.09075629434848531
0605BB,0.19088788341416882
0605KO,0.33426453784776494
0606BB,0.08870490749300153
0606KO,0.546246272601588
0608KO,0.02167169024112191
0609BR,0.46744594783423443
0610BR,0.004266431465971909
0611BR,0.07084099511151172
0611KO,0.1198973385963947
0612BB,0.08956819956686718
0613BB,0.23896692636764563
0613BR,0.8675054071733892
0614BR,0.733312898110435
0614KO,0.12618239051575814
0615BB,0.07259788226126186
0615BR,0.07156092269729177
0615KO,0.038987632809952065
0616BB,0.13530817404561088
0616BR,0.9568213988992404
0617BR,0.8728659665330233
0618BR,0.06164785369401958
0619KO,0.23898886670240613
0620BR,0.8171158324661243
0620KO,0.8527524166072021
0621BB,1.4142135623730951
0621BR,0.2220229476325584
0621KO,0.06822997550135058
0623BR,0.2771685704570606
0624BR,0.065281326586557
0625BR,0.14480425266360575
0625KO,0.03804032840441332
0626KO,0.1601406694709757
0627BR,0.04256930206794113
0627KO,0.06372922397268167
0628BR,0.10171388889325204
0630KO,
0631BR,1.1647743396864985
0632BR,0.14155171349232884
0632KO,0.1766284278349908
0633BR,0.09361607420547195
0635BR,0.899053339955896
0636BR,0.15671054845280843
0638BR,0.06002020032157583
0639BR,0.04954129967892815
0641BR,0.11433860935938693
0643BR,0.16644404614974145
0644BR,0.1732681227137975
0645BR,0.4044758739058676
0647BR,0.19186708425451018
0648BR,0.12195098952094267
0649BR,0.08636234342231314
0650BR,0.5730552934330452
0652BR,0.19754695212854642
0654BR,0.1815417887562378
0660BR,0.1923837404680453
0662BR,0.2237193548287308
0663BR,0.13907004395697836
0664BR,0.07253846406143498
0665BR,0.0015390939340799727
0666BR,0.11353891629708202
0667BR,0.0733292972836384
0668BR,0.08819334598317481
0670BR,
0671BR,0.21048444265937233
0672BR,0.822894967446564
0675BR,0.02107865880492668
0679BR,0.3616087580881389
0682BR,0.20750745301400103
0684BR,0.22103391310645226
0688BR,0.13063356034314275
0690BR,0.07421358476082357
0693BR,0.3450827848724731
0694BR,0.12428287457396835
0697BR,0.4566820857612283
0698BR,0.15737640564263655
0699BR,0.7997945381333217
0701KO,0.10344393822217653
0703BR,0.8265959993076202
0705BR,0.3783403104012733
0710BR,0.01142949424503226
0711BR,0.559094969118698
0712BR,0.5441971546634705
0714BR,0.9091224700013444
0715BR,0.6333179038617578
0717BR,0.7425140237086357
0719BR,0.06472831202925154
0811BB,0.09720958723068812
0998BR,0.040682288925710616
0999KO,0.08900581455158403
1001BB,0.04856592322222292
1001BR,0.07367955425658643
1001KO,0.014313615572670867
1002BB,0.6066816121899914
1002BR,0.09787235962177501
1002KO,0.6480510793717363
1003BB,0.21429178197332358
1003BR,0.09541070677537518
1004BB,0.05116424781853406
1004BR,0.4515862501882999
1004KO,1.5404005670651912
1005BB,0.21297138555235454
1005BR,0.050118586260134886
1005KO,0.39647794027048117
1006BB,0.04625538854521995
1006BR,0.06952111780593712
1007BB,0.0018377612792394426
1007BR,0.08331532446402994
1007KO,0.22604837316950466
1008BB,0.34845951677016457
1008BR,0.47183609802349585
1008KO,0.2522521392709034
1009BB,0.08873718003809007
1009BR,0.5295707184112247
1009KO,0.14000670558192324
1010BB,0.1185466156415292
1010BR,0.04636223950414698
1011BB,0.08096974720927967
1011KO,0.3075142133617045
1012BB,0.007705907542567692
1012BR,0.08894490986884918
1012KO,0.07592862302093471
1013BR,0.08882670150250974
1014BB,0.20370749722512418
1014BR,0.02733042460221288
1014KO,0.11509522821782471
1015BB,0.09861836972031013
1015BR,0.0886349310700144
1016BB,0.04974380693938768
1016BR,0.036149798040355986
1016KO,0.07404472207647463
1017BB,1.6314393005663363
1017BR,0.10420755345138441
1017KO,0.09255644588745156
1018BB,1.3932441713981383
1018BR,0.010357757356670577
1018KO,0.1101355527457938
1019BB,1.111880665705055
1019BR,0.08129488847516135
1019KO,0.07085448753774184
1020BB,1.5113246702984753
1020BR,0.07160834268404721
1020KO,0.04185983297737296
1021BB,0.17542316995505047
1021BR,0.685660844556652
1021KO,0.6183057360693393
1022BB,0.007705289761535741
1022BR,0.44813571983472233
1022KO,0.1837707323298775
1023BB,0.054247225730051966
1023BR,0.0689448079820993
1024BB,1.2959268132797446
1024BR,0.17328001546643462
1024KO,0.1189320525001278
1025BB,0.016228567969903816
1025BR,0.3069548712478662
1025KO,0.05995110455684862
1026BB,0.04964129173854898
1026BR,0.16560457390887665
1027BR,0.11525545810581171
1027KO,0.1528736805233183
1028BB,1.3113822692588981
1028BR,0.645634898940938
1028KO,0.0501531541030731
1029BB,0.09876227199329375
1029BR,0.03816785129264917
1029KO,0.39291309658913726
1030BB,0.007931336825850434
1030BR,0.5091526651917488
1030KO,0.4381283098431907
1031BB,2.883829702038773
1031BR,0.9589626769870174
1032BB,0.042934765058284724
1032BR,0.4878973312962511
1033BB,0.04744299407898146
1033BR,0.032155782416897295
1033KO,0.13901093342580312
1034BB,0.16132243744638028
1034BR,0.43298352428484005
1036BB,0.24552978361242286
1036BR,0.3741520293608808
1036KO,0.30436574061473215
1037BB,0.07091890767893062
1037BR,0.07015340816287217
1037KO,0.2758433104737542
1038BB,0.08194227385429306
1038BR,0.09666767571371654
1038KO,0.08774298339648995
1039BB,0.013483517646388145
1039KO,0.42465863567443807
1040BB,0.08008209431591144
1040BR,0.5353654772242661
1040KO,1.1049160874484905
1041BB,0.028599747668397204
1041BR,0.5752899324290563
1042BB,0.020411020320783287
1042BR,0.07686317080487805
1042KO,0.0609306997565382
1043BB,1.3660122642050379
1043BR,0.05831646220131547
1043KO,0.10252352365295918
1044BB,0.18747303866722037
1044BR,0.01570608048674434
1045BB,0.09013049307684437
1045BR,0.22887405525802706
1045KO,0.05478779515357584
1046BB,0.15485181968922446
1046BR,0.03172670339676909
1047BB,0.07336380225911758
1047BR,0.44199607690571974
1047KO,0.045281354619761384
1048BB,0.07614992398164958
1048BR,0.42623908795318616
1048KO,0.05620964473778626
1049BB,0.0004385498294047896
1049BR,0.24678050061581477
1049KO,0.09660182530713866
1050BB,0.011906489858135427
1050BR,0.32480981104377554
1050KO,0.08654784964757153
1051BR,0.3082272718715765
1051KO,0.12708232522665014
1052BB,0.08059029477563047
1052BR,0.20243877303824193
1052KO,0.003116563840330918
1053BB,0.06226700671441728
1053BR,0.03934761951720776
1053KO,0.12929804365984326
1054BB,0.15174794404766373
1054BR,0.7719743529120309
1054KO,0.08721795089994458
1055BB,0.43518689537187943
1055BR,0.4713761861823658
1055KO,0.16165690978335678
1056BR,0.1357525022635877
1056KO,0.05260958428616142
1057BR,0.218717751559739
1057KO,0.38893307352120077
1058BR,0.055888183108386814
1058KO,0.14327217494806543
1059BB,0.04658743574293181
1059BR,0.36830669504747715
1059KO,0.1286763837984228
1060BR,0.8415384618377718
1060KO,0.07277815332611604
1061BB,0.024376476422518608
1061BR,0.06552481375552016
1062BB,0.06823360840070933
1062BR,0.7971088131099574
1063BB,0.530306908140429
1063BR,0.34448822419475356
1063KO,0.0691304386179317
1064BB,0.6576961090356462
1064BR,0.11589992700817395
1064KO,0.19101512292078496
1065BB,0.07847859012684404
1065BR,0.34724846096573503
1065KO,0.09897577809751619
1066BB,0.08995440288879741
1066BR,0.30487429693271245
1066KO,0.5299595121063279
1067BB,0.05077289863364353
1067BR,0.8289922443055786
1067KO,0.35346894373482424
1068BB,0.10220498505312883
1068BR,0.06518077811221246
1068KO,0.07456521764237964
1069BB,0.05910424957842847
1069BR,0.16005083490199215
1069KO,0.31051125354591175
1070BB,0.010337450164182234
1070BR,0.0064926118794557015
1070KO,0.0793200751398318
1071BB,0.27921660251518815
1071BR,0.08380875909028468
1071KO,0.20171196037679792
1072BB,0.03283194777049656
1072BR,0.49064220859896046
1072KO,0.04916249972354395
1073BB,0.004803856436948927
1073BR,0.006122956416273443
1073KO,0.267559873238398
1074BB,0.0202040259888236
1074BR,0.37086452817164217
1075BR,0.21430079271211624
1075KO,0.07196204105183843
1076BB,0.13507948870846603
1076BR,0.5786114537688231
1077BB,0.1067256518275428
1077BR,0.3543884967104735
1078BB,0.03633797353417518
1078BR,0.1904097737404719
1079KO,0.06445021463724594
1080BB,0.0570425534555078
1080KO,0.0578815125876573
1081BB,1.278810136188437
1081BR,0.3011915859290242
1081KO,0.137247146982909
1082BB,0.3372706189842992
1082BR,0.7515904081036128
1082KO,0.10498752494867009
1083BB,0.003641170180351062
1083BR,0.6904606800077948
1083KO,0.11321876064487038
1084BR,0.08438866789210948
1084KO,0.07978422682946176
1085BB,1.4651134394023928
1085BR,0.11880867614547212
1085KO,0.13420545386815408
1086BR,0.0874461405934505
1086KO,0.10764829090076422
1087BB,0.18934157078473188
1087BR,0.07510994146551556
1087KO,0.24775619505808402
1088BR,0.11020658100692098
1088KO,0.5640978217489575
1089BB,0.09710838411819046
1089BR,0.7263342790602996
1089KO,0.08202260868540301
1090BB,0.12148094380557876
1090BR,0.05680391188750111
1090KO,0.0423705994361633
1091BB,0.0007622618723809706
1091BR,0.08662511855648297
1091KO,0.04925420765157671
1092BB,1.372558567058632
1092BR,0.06800921923531146
1092KO,0.05412194449675911
1093BB,0.013085991856220091
1093BR,0.06366553917787228
1093KO,0.33453960132794924
1094BB,1.3594585836158062
1094BR,0.05679011193803665
1094KO,0.007503000354958317
1095BB,0.21653718536513358
1095BR,0.10948643325871243
1096BB,0.13151751212856455
1096BR,0.15864154615146742
1096KO,0.3525074087518528
1097BB,0.005540948506953485
1097BR,0.0922964082656738
1097KO,0.07581202894330177
1098BB,0.05709450398619052
1098BR,0.09175626954304772
1098KO,0.18028609370569135
1099BB,0.044743302129158787
1099KO,1.4182959132286372
1100BB,
1100BR,0.5850116090680267
1100KO,0.1575184164798442
1101BR,0.6174993238187628
1102BB,0.013727092931564815
1102BR,0.1166947075848607
1102KO,0.06173703596179982
1103BR,0.0874779269884011
1103KO,1.5483656691033938
1104BB,0.13236769820536262
1104BR,0.08755702762434586
1104KO,0.14921154833063013
1105BB,1.3034651554547478
1105BR,0.021119743559607343
1105KO,0.10377818057639634
1106BB,0.03672980074873823
1106BR,0.1571601205599864
1106KO,
1107BB,0.6976104616006451
1107BR,0.2692863208190614
1107KO,0.599488913232238
1108BB,0.21508072166917064
1108BR,0.09111328452169005
1109BB,0.21476752154938797
1109BR,0.09514978522236475
1109KO,0.9740497168309694
1110BB,
1110BR,0.039669839284851995
1111BB,0.16259371456589616
1111BR,0.07654031230431682
1111KO,0.14805788779053436
1112KO,0.5267108549765548
1113BR,0.1008941684433673
1113KO,0.159576376777654
1114BB,0.6332752890114878
1114BR,0.08632028678107993
1114KO,0.15874481969909415
1115BB,0.03091143377308883
1115BR,0.08889534742092585
1115KO,0.09665173112546994
1116BR,0.17950137176838757
1117BR,0.22023942980251282
1117KO,0.26733238428253064
1118BR,0.09428766595962315
1118KO,0.04648411067605338
1119BB,0.21305794950707
1119BR,0.1734090905271169
1119KO,0.03160828483138227
1120BB,0.6577737499409745
1120KO,1.314670650479911
1121BB,0.34272803065671986
1121BR,0.08896790269768495
1122BR,0.05313685228653383
1123BB,0.0
1123BR,0.48827968032145924
1123KO,1.3945045127669682
1125BB,0.40471944544615396
1125BR,0.011639617797309425
1125KO,0.25728924334427433
1126BR,0.19051471687824578
1127BR,0.043606433320375115
1127KO,0.12325496166430726
1128BB,0.006884652602924744
1128BR,0.1334809354173078
1128KO,0.1251896589634745
1129BB,0.8614429455936656
1129BR,0.0945120309927565
1129KO,0.6759013143249489
1130BR,0.0404444882837636
1131BB,0.07559419704264889
1131BR,0.061107474494707256
1132BR,0.0759140402365579
1133BR,0.11863137853156962
1134BB,0.0016718942661422729
1134BR,0.8167464837054893
1135BR,0.054282908191193587
1136BR,0.17649697278784515
1136KO,0.6364122193086125
1137BR,0.2630472049692214
1137KO,0.4194377025850075
1138BR,0.7066487732563737
1138KO,0.04859703374709946
1139BB,0.12172375882262824
1139BR,0.6945023925948993
1139KO,1.1687979284320533
1140BR,0.1105132777270795
1140KO,0.09117928054485239
1141BR,0.11242110725432937
1141KO,0.051098524259242745
1142BB,0.23732853475873972
1142BR,0.24636458997274926
1142KO,0.007293029581744661
1143BR,0.09177329855765447
1144BB,0.7368157215032751
1144BR,0.028821438905671154
1144KO,0.022629747959132692
1145BR,0.2515864179783312
1145KO,1.4379607610997236
1146BB,0.9364812623113863
1146BR,0.032371944441779855
1146KO,0.0600335879344408
1147BR,0.038967523866774316
1147KO,0.14476919114476247
1148BB,0.21830211543313055
1148BR,0.05159948761270843
1149BR,0.12943058186121525
1150BR,0.5071702380441344
1150KO,0.17978686056265103
1151BB,0.05948754970729112
1151BR,0.42331757530380415
1151KO,0.10452547571002253
1152BB,0.007528048220510541
1152BR,0.05057232585470441
1152KO,1.253321149842243
1153BB,0.19573145882274012
1153BR,0.03596907292938127
1153KO,1.1687487966128902
1154BB,0.011559766383432101
1154BR,0.4689984089732197
1154KO,0.07185498141212386
1156BB,0.5977686180250538
1156BR,0.05122411298045386
1157BR,0.04276598034767851
1158BR,0.056798337689712625
1159BR,0.047794946040422816
1159KO,1.3739778181369526
1160BR,2.049124909970943
1161BR,0.07697598992538353
1161KO,0.17406530812147303
1162BR,0.09728339151554152
1162KO,0.1405127288911313
1163BR,0.08703213555762179
1163KO,0.03532301067768595
1164BR,0.12409263979482915
1164KO,1.0854418152400416
1165BR,0.07907993625322202
1166BR,0.1076224122432957
1166KO,0.08445425202842724
1167BR,0.2600185536784146
1168BR,0.471102804232623
1169BR,0.03884174508986295
1169KO,0.6403330769176208
1170BB,
1170BR,0.23716766205916864
1171BR,0.09797790959093744
1172BR,0.08309131778201695
1173BR,0.5672143504654403
1175BR,0.004868305988012397
1176BR,0.09405554078886517
1177BR,0.06853639225279498
1177KO,0.3983233138925992
1178BR,0.1601510795208894
1178KO,1.390360372016569
1179BB,
1179BR,0.08687094601781997
1180BR,0.08781714864312887
1181BR,0.08165571511688036
1182BR,0.06708902782297375
1183BR,0.06867309914573372
1184BR,0.03963002850677793
1185BR,0.1000087045197125
1186BR,0.035878584553296775
1186KO,0.2472401332820096
1187BR,0.09052507751483953
1188BR,0.058134114766586975
1189BR,0.1152321988339618
1190BR,0.07714065594259754
1191BR,0.16383512133933573
1192BR,0.03955672236649737
1193BR,0.005584311385400135
1194BR,0.09150126164164103
1195BR,0.46758954898510996
1197BR,0.6962926048028006
1199BR,0.40688707791230244
1200BR,0.030968180197950987
1202BR,0.17330059524115593
1203BR,1.202582120512682
1203KO,
1204BR,0.7366696653151822
1205BR,0.34561446054745737
1206BR,0.08572766537141825
1207BR,0.14870785033191483
1208BR,0.18497859951372128
1209BR,0.023358414680493413
1210BR,0.05747436377644319
1211BR,0.06287310367451357
1212BR,0.061617219705957585
1213BR,0.2980579281942061
1214BR,0.12141776957277327
1215BR,0.127856261483567
1216BR,0.1499702484351024
1217BR,0.07432462044629896
1218BR,0.15909575325779274
1219BR,0.18001899756936646
1220BR,0.11463721129476931
1221BR,0.08865958153946907
1222BR,0.5754259237026488
1223BR,1.0032494015505335
1224BR,0.8288104419886687
1225BR,0.2985977966047743
1226BR,0.18173914052775078
1227BR,0.07418902038914287
1228BR,0.4480256799830097
1230BR,0.09946333895255906
1232BR,0.19626817014719103
1233BR,0.6493189130325382
1237BR,0.1044320240927185
1239BR,0.11784342957947533
1240BR,0.08905306860366552
1242BR,0.06286638464497334
1243BR,0.0883138457984981
1244BR,0.6600395904725622
1245BR,0.1209778161285171
1246BR,0.6241116741111352
1247BR,0.058203121661311565
1248BR,0.08255340471036358
1249BR,0.7505791810542538
1250BR,0.1200177086113765
1251BR,0.5138980747109295
1252BR,0.07744329863799897
1253BR,0.10109098659568819
1254BR,0.12485574006808538
1255BR,0.15335406895649922
1256BR,0.14000142054603126
1258BR,0.13721064501699515
1259BR,0.7829129701326176
1260BR,0.3648612420507019
1261BR,0.1847896357771848
1262BR,0.08137174419374957
1263BR,0.451259942482552
1264BR,0.6103359785109299
1266BR,0.9318063886559119
1267BR,0.4312322869702634
1269BR,0.34314206660160956
1270BR,0.9753502845676316
1271BR,0.6601543889831836
1272BR,0.10084592878344045
1273BR,0.010727414061252463
1274BR,0.07461367362637056
1275BR,0.08611585217985561
1276BR,0.07419325874778891
1277BR,0.07293330108072275
1279BR,0.21423536222888984
1280BR,0.6973451292598086
1281BR,0.21563506694174184
1282BR,0.11430441921115797
1283BR,0.526123884172851
1284BR,0.44963288973369675
1285BR,0.06824481283235798
1287BR,0.39096864440639073
1288BR,0.4734776719629785
1289BR,0.6530219777649963
1290BR,0.0899425084720693
1291BR,0.1310015478068874
1292BR,0.4671209323354818
1293BR,0.05031389750139622
1294BR,0.16207918983621905
1296BR,0.5513551664923231
1297BR,0.35418229642888566
1298BR,0.16209170635235787
1300BR,0.6737998470107003
1301BR,0.09827468161587209
1302BR,0.009656904982587587
1304BR,0.09859929902329684
1305BR,0.27992010608491324
1307BR,0.6843611909638383
1309BR,0.08608270470405337
1310BR,0.4501753353487493
1311BR,0.08056452621949063
1312BR,0.04152768624512336
1313BR,0.8975617250272616
1314BR,0.5721929945744334
1315BR,0.3414653401201507
1316BR,0.20470428554716746
1317BR,0.06852570497631862
1319BR,0.14861971901087812
1321BR,0.04720887073233844
1322BR,
1323BR,0.48611114906905256
1324BR,0.0037049007996301144
1325BR,0.14565664670809764
1326BR,
1327BR,0.6951591803972003
1328BR,0.5379276261417993
1329BR,0.1911677530968927
1330BR,0.04792564749492051
1331BR,0.31853453596217174
1333BR,0.48620188230750067
1335BR,0.0033970795402663762
1336BR,0.07812476325217586
1337BR,0.034157716035308004
1340BR,0.6918272495977145
1341BR,
1343BR,0.47209710982820946
1344BR,0.1244417556293215
1345BR,0.5886178579273488
1346BR,0.40847567790773215
1347BR,
1348BR,0.13414460569172984
1349BR,0.7087752238627203
1350BR,0.3965028915148127
1351BR,0.09740584314251716
1353BR,0.6767907142860348
1355BR,0.011488042504831273
1356BR,0.2143993812369911
1358BR,0.5329978439155151
1359BR,
1363BR,0.6647099812024909
1366BR,0.035050418894951266
1367BR,
1368BR,0.4788431638896354
1370BR,0.7932425367459237
1371BR,0.08913919690733021
1372BR,0.7554618971955926
1373BR,0.4422180828172487
1376BR,0.7994215261919122
1377BR,0.4499823741256726
1378BR,0.7897246005631111
1380BR,0.27270085634607377
1381BR,0.4614906507428502
1383BR,0.01440596246575078
1384BR,0.10884058504414976
1385BR,0.42165489285191665
1386BR,0.11846982568923844
1387BR,0.07048141932490329
1388BR,0.9876360729124444
1389BR,0.2884636229912926
1390BR,0.6361016619650598
1391BR,0.3723678652280406
1392BR,0.31012553429126993
1393BR,0.15193066094597665
1394BR,1.3200271022496524
1395BR,0.6887148358266973
1396BR,0.2267290672094751
1398BR,
1399BR,0.12235129848576466
1400BR,1.6586302178604493
1401BR,0.07925990936848636
1402BR,0.04973779897695084
1403BR,0.5148628680687792
1405BR,0.03664969057339552
1406BR,0.4969975750077783
1409BR,
1410BR,0.24089378788052718
1411BR,0.02393781039391507
1413BR,0.9413341602398035
1414BR,
1415BR,0.06074174600753246
1416BR,0.430462362966683
1419BR,0.009602844890402737
1421BR,0.2925357599468842
1429BR,0.1728967073267813
1430BR,0.0982268219354191
1432BR,0.16104432283495193
1442BR,
1443BR,0.2269904745070618
1448BR,0.08570014246472314
1449BR,0.0
1451BR,0.8337576653094256
1457BR,0.1751931592452578
1458BR,0.9664203677692397
1481BR,
1486BR,
1600BR,0.2583687494001946
1601BR,0.11984133517379324
1602BR,0.5588468053558836
1603BR,0.050755607417995736
1606BR,0.1870945256533505
1607BR,0.23906670792054838
1608BR,0.07058154252833433
1609BR,0.6930205503132053
1610BR,0.6319524744492468
1612BR,0.06269503958640892
1616BR,0.28594847593967776
1617BR,0.11139660562433498
1623BR,0.07918417578486119
1625BR,0.25665665482207106
1632BR,0.36451522677805076
1634BR,0.19349461490477288
1900BB,0.008499808319366215
1902BB,0.307825290190234
1904BB,0.20760248295896414
1906BB,0.15450078802804335
1907BB,0.13385157771682285
1908BB,0.03980157859381724
1909BB,0.6213921371434001
1910BB,0.48675471684414245
1911BB,0.5614593388013897
1913BB,0.47335037214272246
1914BB,0.08599465143782571
1915BB,0.3011580966197117
1916BB,0.10467582237682083
1917BB,0.22899054657008772
1918BB,0.06405376323389338
1919BB,0.024961314388865233
1920BB,0.0720788076229695
1921BB,1.297356515378006
1922BB,0.10651381748331858
1923BB,1.2289734208284546
1924BB,0.8532462948905543
1925BB,1.2853104435890106
1926BB,1.4318646102519312
1927BB,1.384629925679902
1928BB,1.237077638086554
1929BB,0.0964943441614187
1930BB,1.5077043521570064
1931BB,0.17680509011839038
1933BB,0.001658998841425415
1934BB,0.0031239025945421525
1935BB,1.4944853859259297
1936BB,0.0
1938BB,0.0021072458285110057
1939BB,0.038564228196580126
1940BB,0.3304277163605763
1941BB,0.20066362666236445
1944BB,0.007922299503245685
1945BB,1.383734453744356
1946BB,0.1267808407568104
1947BB,0.4754475849865715
1948BB,1.4828757729993636
1950BB,0.10520450411942336
1950BR,0.029807965662440927
1951BB,0.051655219633076455
1952BB,0.0596154724736392
1952BR,
1953BB,0.07468546287555078
1953BR,0.02719356943110653
1954BB,0.07757311388638825
1954BR,0.3507471896270578
1955BB,0.6424734760041918
1955BR,0.46576886436345666
1956BB,0.0031648629719892396
1956BR,0.4726934434999244
1957BB,0.035387315549281546
1957BR,0.34534215565784243
1958BB,0.027623399330592463
1958BR,0.19606863813904804
1959BB,1.0697744556154087
1959BR,0.08419593233622806
1960BB,0.3402839448952071
1960BR,0.5818070899987735
1961BR,0.5495346123941854
1962BB,1.386770146178029
1962BR,0.11726130931001495
1963BB,0.06350562891894808
1963BR,0.6813571123293434
1964BB,0.2041883467527194
1964BR,0.0874309520047488
1965BB,0.18586830727762949
1965BR,0.11938156235800094
1966BB,0.1703015667669884
1966BR,0.07155245661705062
1967BB,1.330161915865623
1967KO,0.11748402851768627
1968BB,0.07262135526771582
1968BR,0.10435248080447107
1968KO,0.1422460584131761
1969BB,0.03165265363083728
1969BR,0.003199578195414242
1970BB,0.10448558693792004
1970BR,0.1321983034950171
1971BB,0.6900286298196163
1971KO,0.11357114957992831
1972BB,1.3657188618855838
1972BR,0.08525732931705807
1972KO,0.12337454905489634
1973BB,0.1749170496350703
1973BR,0.12325446578303306
1973KO,0.06924645427939802
1974BB,0.026670279308802922
1974BR,0.1414010625202783
1974KO,0.09995912220918414
1975BB,0.3522056648349766
1975BR,0.5291396638028205
1975KO,0.45183942421475926
1976BB,1.2813524025696266
1976BR,0.08961053198101496
1976KO,0.46979175319953126
1977BB,0.3362391785725977
1977BR,0.08062653146354196
1977KO,0.719427078912091
1978BB,0.06755680122589373
1978BR,0.07797626824226651
1978KO,0.5373290144540918
1979BB,1.0505168534481435
1979BR,0.06382324542174608
1979KO,0.10680845395729117
1980BB,0.09359908768288279
1980BR,0.12263615030090542
1980KO,0.5795959389082133
1981BB,1.262481342738577
1981BR,0.048509419553208165
1981KO,0.0778131070495901
1982BB,0.2870652537188405
1982BR,0.1294028880641046
1982KO,0.11822265863126424
1983BB,1.3711307493136409
1983BR,0.10607861784596576
1983KO,0.05037902856278765
1984BB,0.6813116914686772
1984BR,0.06273084978367152
1984KO,0.10257922350879224
1985BB,0.08408064335717698
1985BR,0.0719481967726197
1985KO,0.1376963797573299
1986BB,0.06565743870322083
1986BR,0.07389347495067462
1986KO,0.2887646376135348
1987BB,0.12472591908619966
1987BR,0.35423127342016864
1987KO,0.5854190013903374
1988BB,1.3626120743707182
1988KO,0.11347028296288268
1989BB,0.10009592177227625
1989BR,0.10518551455050942
1990BB,1.4479873304012574
1990BR,0.0829693455872152
1990KO,0.09176408260040078
1991BB,1.4075618721831917
1991BR,0.17638318749227663
1991KO,0.10460654411307338
1992BB,0.07341967194125615
1992BR,0.08610919807012414
1992KO,0.1013394731061379
1993BB,0.09938182557154543
1993BR,0.011225084191608453
1993KO,0.13843143076987202
1994BB,0.07524856381997941
1994BR,0.2585481743185447
1995BR,0.06959394377744642
1995KO,0.10931478513269072
1996BB,0.42437726846592083
1996BR,0.05671733037519622
1996KO,0.13644277744891153
1997BB,0.09227189433433332
1997BR,0.47682291033383756
1997KO,0.12028502639822443
1998BB,0.146022050994676
1998BR,0.7857624713428385
1998KO,0.13226293080291676
1999BB,0.06968897764476235
1999BR,0.19714638682839045
1999KO,0.10190351030586889
2001BR,0.017114386399319125
2002KO,0.16213385114802292
2004KO,0.17774213515971635
2006BR,0.17797980460808344
2012BB,0.06458477958948591
2014BB,0.29684095750853434
2017BB,0.6353179558745625
2019BB,0.2729672108342463
2023BB,0.01131370849898476
2025KO,1.0592888984486528
2028BB,0.444060871093176
2032BB,0.7894605830114867
2037BB,0.10850585545521063
2037KO,0.08640096485995062
2039BB,0.06699134747615287
2040KO,0.002037445503659013
2042KO,0.2724793085609275
2046BB,0.22850569882401509
2048KO,0.30238666539653075
2049KO,0.01083747036465081
2050KO,0.04396223023929282
2054BR,0.009959250439247148
2055KO,0.06805074838412849
2061BR,0.04776162925837166
2062BR,0.03972184874833615
2064BB,0.16678541556412715
2074BR,0.01844626385704037
2075BB,0.7707923501513526
2075BR,0.5014751995277935
2076BB,0.04238212703697512
2076BR,0.4605134999799418
2077BR,0.10907006559478773
2078BB,0.42480287075093165
2078BR,0.022359107705503478
2079BR,0.4834661528474977
2080BR,0.15202379875515815
2082BR,0.20207316112798318
2083BR,0.10399185775300253
2084BB,0.11730667769976513
2086BR,1.3128202717085675
2099BB,0.06680306560937861
2104BB,0.05883049052874397
2106BB,0.13254403919766183
2107BB,0.0062260974444098525
2108BB,0.010855185464945464
2111BB,0.005850219395839061
2112BB,0.0867427859732379
2113BB,1.0432801075419709
2116BB,0.10403291859200317
2120BB,0.04326565634978507
2121BB,0.2577345202443228
2123BB,0.0963952000319224
4008BR,0.210966827012211
4012KO,
4060BR,1.0373222811629916
4351BR,0.0724674909203463
4361BR,0.1511560101700124
4362BR,0.11568491787027965
4365BR,0.17677623370766715
4366BR,0.07817817844130412
4367BR,0.2149866528407033
4368BR,0.2205352556619897
4372BB,0.12099400627282023
4373BB,0.057418300780800256
4376BB,1.1001184171923544
4378BB,0.119972172387703
4380BB,0.14137321138030037
4391KO,0.7246244565460341
4392KO,0.1019402844823743
4396KO,0.16648308775727874
5006KO,2.80566812801535
5240BB,0.010297671570677876
5417BR,0.9104260028623654
5425BR,0.5908892310113327
7224KO,0.24869372356692224
7541BR,0.17712021480688947
9503BB,0.4727286907932537
9510BB,0.0725456564886621
9511BB,
9512BB,0.03390773941506867
9513BB,0.003767217800674201
9515BB,1.1787214127463397
9516BB,0.01812700416685045
9517BB,0.000558977692637587
9518BB,0.003119130044934043
